RMSE,MAPE,MAE,R2,Company
17.318816284487756,0.034486793413060365,13.729468068389112,-1.7337428095912744,WIPRO.NS
